size_MB,latency_ns
0.00049,0.863
0.00098,0.864
0.00195,0.863
0.00293,0.863
0.00391,0.863
0.00586,0.863
0.00781,0.863
0.00977,0.863
0.01172,0.863
0.01367,0.863
0.01562,0.863
0.01758,0.863
0.01953,0.863
0.02148,0.863
0.02344,0.863
0.02539,0.863
0.02734,0.863
0.02930,0.863
0.03125,0.863
0.03516,2.553
0.03906,1.971
0.04297,1.957
0.04688,1.912
0.05078,1.935
0.05469,1.972
0.05859,2.041
0.06250,2.118
0.07031,2.211
0.07812,2.286
0.08594,2.406
0.09375,2.474
0.10156,2.493
0.10938,2.506
0.11719,2.527
0.12500,2.516
0.14062,2.544
0.15625,2.532
0.17188,2.557
0.18750,2.551
0.20312,2.573
0.21875,2.580
0.23438,2.564
0.25000,2.567
0.28125,2.671
0.31250,2.591
0.34375,2.595
0.37500,2.896
0.40625,3.203
0.43750,2.993
0.46875,3.048
0.50000,3.220
0.56250,3.476
0.62500,3.613
0.68750,3.498
0.75000,3.750
0.81250,3.784
0.87500,3.800
0.93750,3.863
1.00000,3.942
1.12500,3.988
1.25000,3.941
1.37500,3.911
1.50000,3.878
1.62500,3.890
1.75000,3.828
1.87500,3.881
2.00000,3.883
2.25000,3.852
2.50000,3.838
2.75000,3.806
3.00000,3.824
3.25000,3.810
3.50000,3.857
3.75000,3.886
4.00000,3.871
4.50000,3.816
5.00000,3.824
5.50000,3.834
6.00000,3.781
6.50000,3.843
7.00000,3.870
7.50000,3.869
8.00000,3.897
9.00000,3.928
10.00000,4.108
11.00000,4.186
12.00000,4.312
13.00000,4.710
14.00000,5.024
15.00000,5.408
16.00000,5.985
18.00000,7.081
20.00000,8.125
22.00000,9.263
24.00000,9.908
26.00000,10.736
28.00000,11.485
30.00000,11.819
32.00000,12.441
36.00000,13.348
40.00000,13.990
44.00000,14.528
48.00000,14.738
52.00000,15.357
56.00000,15.629
60.00000,15.771
64.00000,16.159
72.00000,16.440
80.00000,16.842
88.00000,17.036
96.00000,17.371
104.00000,17.681
112.00000,17.762
120.00000,17.746
128.00000,17.884

